{
  "organization": "Betterfly",
  "idOrganization": 15,
  "date": "28/04/2022",
  "period": "Q1 2022",
  "summary": {
    "numSuscribers": 606,
    "percActivation": 93,
    "numSteps": 166738287.0,
    "numCalories": 2916942.0,
    "bettercoins": 1851329.0,
    "coverage": 131008405,
    "percBettercoins": 0.908,
    "numDonations": 9232.0,
    "numCauses": 9,
    "message": "Están dentro de las 10 empresas que más ha meditado. Mentes en calma, ideas brillantes. ",
    "level": "UltimateGiver",
    "perc_level": 10.0
  },
  "vision360": {
    "metrics": [
      "Porcentaje de enrolamiento",
      "Minutos de actividad física",
      "Bettercoins ganadas",
      "Minutos de meditación",
      "Cantidad de donaciones"
    ],
    "units": [
      "%",
      "minutos semanales por colaborador",
      "bettercoins semanales por colaborador",
      "minutos semanales por colaborador",
      "donaciones semanales por colaborador"
    ],
    "achievedValue": [
      567,
      95,
      355,
      7,
      1
    ],
    "sugestedValue": [
      606,
      180,
      420,
      10,
      1
    ],
    "achievedPercentage": [
      93,
      53,
      100,
      75,
      100
    ],
    "allOrganizations": [
      72,
      17,
      63,
      11,
      65
    ]
  },
  "impact": {
    "Agua": {
      "quantity": 2449,
      "cause": [
        "Fight the water crisis"
      ],
      "idCause": [
        17
      ],
      "hasDonation": true
    },
    "Arboles": {
      "quantity": 2823,
      "cause": [
        "Trees to save the future"
      ],
      "idCause": [
        18
      ],
      "hasDonation": true
    },
    "Comida": {
      "quantity": 3588,
      "cause": [
        "Feed a child in Venezuela",
        "Against child malnutrition in Haiti",
        "Chile's first food bank",
        "Help a senior",
        "Support Hospital Pequeno Príncipe",
        "Whoever is hungry is in a hurry"
      ],
      "idCause": [
        13,
        20,
        21,
        26,
        29,
        30
      ],
      "hasDonation": true
    },
    "Ucrania": {
      "quantity": 372,
      "cause": [
        "Let's support Ukraine"
      ],
      "idCause": [
        33
      ],
      "hasDonation": true
    },
    "Generic": {
      "quantity": 0,
      "cause": [],
      "idCause": [],
      "hasDonation": false
    }
  },
  "benefits": {
    "included": [
      {
        "nameBenefit": "Seguro de vida por fallecimiento natural",
        "idBenefit": 1,
        "isIncluded": true
      },
      {
        "nameBenefit": "Seguro de vida adicional fallecimiento accidental",
        "idBenefit": 2,
        "isIncluded": true
      },
      {
        "nameBenefit": "Seguro de invalidez accidental",
        "idBenefit": 3,
        "isIncluded": true
      },
      {
        "nameBenefit": "Atención médica en línea 24/7",
        "idBenefit": 4,
        "isIncluded": true
      },
      {
        "nameBenefit": "Consulta psicológica en línea",
        "idBenefit": 5,
        "isIncluded": true
      },
      {
        "nameBenefit": "Consulta nutricionista en línea",
        "idBenefit": 6,
        "isIncluded": true
      },
      {
        "nameBenefit": "Asesoría de ahorro e inversión",
        "idBenefit": 7,
        "isIncluded": true
      },
      {
        "nameBenefit": "Educación de bienestar",
        "idBenefit": 8,
        "isIncluded": true
      },
      {
        "nameBenefit": "Entrenamiento en casa",
        "idBenefit": 9,
        "isIncluded": true
      },
      {
        "nameBenefit": "Meditación y bienestar",
        "idBenefit": 10,
        "isIncluded": true
      }
    ]
  },
  "activities": {
    "numSteps": 111158,
    "message_year": "Tu organización ha recorrido el 28% del camino entre la Tierra y la Luna. ¡Le faltan 273.241 kilómetros para llegar!",
    "donations": "3588",
    "min_meditation": 35198.0,
    "routine_activity": "13060"
  },
  "manual_habits": 378,
  "bettertogether": {
    "total": 498,
    "clusters": [
      {
        "labels": "Principiantes",
        "pk_dim_organization": 15,
        "freq": 227,
        "perc": 46.0
      },
      {
        "labels": "Caminantes",
        "pk_dim_organization": 15,
        "freq": 77,
        "perc": 15.0
      },
      {
        "labels": "Amateurs",
        "pk_dim_organization": 15,
        "freq": 164,
        "perc": 33.0
      },
      {
        "labels": "Atletas",
        "pk_dim_organization": 15,
        "freq": 30,
        "perc": 6.0
      }
    ]
  }
}