{
  "organization": "CGE",
  "idOrganization": 533,
  "date": "28/04/2022",
  "period": "Q1 2022",
  "summary": {
    "numSuscribers": 1309,
    "percActivation": 42,
    "numSteps": 109460139.0,
    "numCalories": 1627002.0,
    "bettercoins": 1021142.0,
    "coverage": 93393090,
    "percBettercoins": 0.801,
    "numDonations": 2727.0,
    "numCauses": 6,
    "message": "Están dentro de las 10 empresas que más  cobertura de seguro de vida han acumulado. Su protección financiera es tranquilidad para ellos y sus seres queridos. ",
    "level": "Giver",
    "perc_level": 21.0
  },
  "vision360": {
    "metrics": [
      "Porcentaje de enrolamiento",
      "Minutos de actividad física",
      "Bettercoins ganadas",
      "Minutos de meditación",
      "Cantidad de donaciones"
    ],
    "units": [
      "%",
      "minutos semanales por colaborador",
      "bettercoins semanales por colaborador",
      "minutos semanales por colaborador",
      "donaciones semanales por colaborador"
    ],
    "achievedValue": [
      556,
      34,
      149,
      0,
      0
    ],
    "sugestedValue": [
      1309,
      180,
      420,
      10,
      1
    ],
    "achievedPercentage": [
      42,
      19,
      44,
      5,
      42
    ],
    "allOrganizations": [
      72,
      17,
      63,
      11,
      65
    ]
  },
  "impact": {
    "Agua": {
      "quantity": 715,
      "cause": [
        "Fight the water crisis"
      ],
      "idCause": [
        17
      ],
      "hasDonation": true
    },
    "Arboles": {
      "quantity": 726,
      "cause": [
        "Trees to save the future"
      ],
      "idCause": [
        18
      ],
      "hasDonation": true
    },
    "Comida": {
      "quantity": 1244,
      "cause": [
        "Feed a child in Venezuela",
        "Against child malnutrition in Haiti",
        "Chile's first food bank"
      ],
      "idCause": [
        13,
        20,
        21
      ],
      "hasDonation": true
    },
    "Ucrania": {
      "quantity": 42,
      "cause": [
        "Let's support Ukraine"
      ],
      "idCause": [
        33
      ],
      "hasDonation": true
    },
    "Generic": {
      "quantity": 0,
      "cause": [],
      "idCause": [],
      "hasDonation": false
    }
  },
  "benefits": {
    "included": [
      {
        "nameBenefit": "Seguro de vida por fallecimiento natural",
        "idBenefit": 1,
        "isIncluded": true
      },
      {
        "nameBenefit": "Seguro de vida adicional fallecimiento accidental",
        "idBenefit": 2,
        "isIncluded": true
      },
      {
        "nameBenefit": "Seguro de invalidez accidental",
        "idBenefit": 3,
        "isIncluded": true
      },
      {
        "nameBenefit": "Atención médica en línea 24/7",
        "idBenefit": 4,
        "isIncluded": true
      },
      {
        "nameBenefit": "Consulta psicológica en línea",
        "idBenefit": 5,
        "isIncluded": true
      },
      {
        "nameBenefit": "Consulta nutricionista en línea",
        "idBenefit": 6,
        "isIncluded": false
      },
      {
        "nameBenefit": "Asesoría de ahorro e inversión",
        "idBenefit": 7,
        "isIncluded": true
      },
      {
        "nameBenefit": "Educación de bienestar",
        "idBenefit": 8,
        "isIncluded": true
      },
      {
        "nameBenefit": "Entrenamiento en casa",
        "idBenefit": 9,
        "isIncluded": true
      },
      {
        "nameBenefit": "Meditación y bienestar",
        "idBenefit": 10,
        "isIncluded": true
      }
    ]
  },
  "activities": {
    "numSteps": 72973,
    "message_year": "Tu organización ha recorrido el 18% del camino entre la Tierra y la Luna. ¡Le faltan 311.426 kilómetros para llegar!",
    "donations": "1244",
    "min_meditation": 3444.0,
    "routine_activity": "6199"
  },
  "manual_habits": 87,
  "bettertogether": {
    "total": 259,
    "clusters": [
      {
        "labels": "Principiantes",
        "pk_dim_organization": 533,
        "freq": 135,
        "perc": 52.0
      },
      {
        "labels": "Caminantes",
        "pk_dim_organization": 533,
        "freq": 47,
        "perc": 18.0
      },
      {
        "labels": "Amateurs",
        "pk_dim_organization": 533,
        "freq": 63,
        "perc": 24.0
      },
      {
        "labels": "Atletas",
        "pk_dim_organization": 533,
        "freq": 14,
        "perc": 5.0
      }
    ]
  }
}