{
  "organization": "SANTANDER",
  "idOrganization": 115,
  "date": "28/04/2022",
  "period": "Q1 2022",
  "summary": {
    "numSuscribers": 9825,
    "percActivation": 42,
    "numSteps": 468085239.0,
    "numCalories": 6283769.0,
    "bettercoins": 4903799.0,
    "coverage": 446425345,
    "percBettercoins": 0.807,
    "numDonations": 13196.0,
    "numCauses": 1,
    "message": "Están dentro de las 10 empresas que más ha meditado. Mentes en calma, ideas brillantes. ",
    "level": "UltimateGiver",
    "perc_level": 5.0
  },
  "vision360": {
    "metrics": [
      "Porcentaje de enrolamiento",
      "Minutos de actividad física",
      "Bettercoins ganadas",
      "Minutos de meditación",
      "Cantidad de donaciones"
    ],
    "units": [
      "%",
      "minutos semanales por colaborador",
      "bettercoins semanales por colaborador",
      "minutos semanales por colaborador",
      "donaciones semanales por colaborador"
    ],
    "achievedValue": [
      4205,
      16,
      84,
      0,
      0
    ],
    "sugestedValue": [
      9825,
      180,
      420,
      10,
      1
    ],
    "achievedPercentage": [
      42,
      9,
      25,
      3,
      24
    ],
    "allOrganizations": [
      72,
      17,
      63,
      11,
      65
    ]
  },
  "impact": {
    "Agua": {
      "quantity": 0,
      "cause": [],
      "idCause": [],
      "hasDonation": false
    },
    "Arboles": {
      "quantity": 0,
      "cause": [],
      "idCause": [],
      "hasDonation": false
    },
    "Comida": {
      "quantity": 0,
      "cause": [],
      "idCause": [],
      "hasDonation": false
    },
    "Ucrania": {
      "quantity": 0,
      "cause": [],
      "idCause": [],
      "hasDonation": false
    },
    "Generic": {
      "quantity": 13167,
      "cause": [
        "Santander supports education"
      ],
      "idCause": [
        19
      ],
      "hasDonation": true
    }
  },
  "benefits": {
    "included": [
      {
        "nameBenefit": "Seguro de vida por fallecimiento natural",
        "idBenefit": 1,
        "isIncluded": true
      },
      {
        "nameBenefit": "Seguro de vida adicional fallecimiento accidental",
        "idBenefit": 2,
        "isIncluded": true
      },
      {
        "nameBenefit": "Seguro de invalidez accidental",
        "idBenefit": 3,
        "isIncluded": true
      },
      {
        "nameBenefit": "Atención médica en línea 24/7",
        "idBenefit": 4,
        "isIncluded": true
      },
      {
        "nameBenefit": "Consulta psicológica en línea",
        "idBenefit": 5,
        "isIncluded": true
      },
      {
        "nameBenefit": "Consulta nutricionista en línea",
        "idBenefit": 6,
        "isIncluded": true
      },
      {
        "nameBenefit": "Asesoría de ahorro e inversión",
        "idBenefit": 7,
        "isIncluded": false
      },
      {
        "nameBenefit": "Educación de bienestar",
        "idBenefit": 8,
        "isIncluded": true
      },
      {
        "nameBenefit": "Entrenamiento en casa",
        "idBenefit": 9,
        "isIncluded": true
      },
      {
        "nameBenefit": "Meditación y bienestar",
        "idBenefit": 10,
        "isIncluded": true
      }
    ]
  },
  "activities": {
    "numSteps": 312056,
    "message_year": "Tu organización ha recorrido el 81% del camino entre la Tierra y la Luna. ¡Le faltan 72.343 kilómetros para llegar!",
    "donations": 0,
    "min_meditation": 19517.0,
    "routine_activity": "23650"
  },
  "manual_habits": 257,
  "bettertogether": {
    "total": 1164,
    "clusters": [
      {
        "labels": "Principiantes",
        "pk_dim_organization": 115,
        "freq": 709,
        "perc": 61.0
      },
      {
        "labels": "Caminantes",
        "pk_dim_organization": 115,
        "freq": 192,
        "perc": 16.0
      },
      {
        "labels": "Amateurs",
        "pk_dim_organization": 115,
        "freq": 200,
        "perc": 17.0
      },
      {
        "labels": "Atletas",
        "pk_dim_organization": 115,
        "freq": 63,
        "perc": 5.0
      }
    ]
  }
}