{
  "organization": "KUEHNE+NAGEL",
  "idOrganization": 181,
  "date": "25/04/2022",
  "period": "Q4 2021",
  "summary": {
    "numSuscribers": 266,
    "percActivation": 65,
    "numSteps": 43344724.0,
    "numCalories": 680675.0,
    "bettercoins": 414091.0,
    "coverage": 39578748,
    "percBettercoins": 0.86,
    "numDonations": 1187.0,
    "numCauses": 2,
    "message": "Están dentro de las 10 empresas que más han quemado calorías. Tu equipo es uno de los más activos y su impacto es el reflejo de su esfuerzo.",
    "level": "UltimateGiver",
    "perc_level": 8.0
  },
  "vision360": {
    "metrics": [
      "Porcentaje de enrolamiento",
      "Minutos de actividad física",
      "Bettercoins ganadas",
      "Minutos de meditación",
      "Cantidad de donaciones"
    ],
    "units": [
      "%",
      "minutos semanales por colaborador",
      "bettercoins semanales por colaborador",
      "minutos semanales por colaborador",
      "donaciones semanales por colaborador"
    ],
    "achievedValue": [
      175,
      41,
      178,
      1,
      0
    ],
    "sugestedValue": [
      266,
      180,
      420,
      10,
      1
    ],
    "achievedPercentage": [
      65,
      23,
      53,
      11,
      52
    ],
    "allOrganizations": [
      72,
      18,
      63,
      11,
      65
    ]
  },
  "impact": {
    "Agua": {
      "quantity": 460,
      "cause": [
        "Fight the water crisis"
      ],
      "idCause": [
        17
      ],
      "hasDonation": true
    },
    "Arboles": {
      "quantity": 727,
      "cause": [
        "Trees to save the future"
      ],
      "idCause": [
        18
      ],
      "hasDonation": true
    },
    "Comida": {
      "quantity": 0,
      "cause": [],
      "idCause": [],
      "hasDonation": false
    },
    "Ucrania": {
      "quantity": 0,
      "cause": [],
      "idCause": [],
      "hasDonation": false
    },
    "Generic": {
      "quantity": 0,
      "cause": [],
      "idCause": [],
      "hasDonation": false
    }
  },
  "benefits": {
    "included": [
      {
        "nameBenefit": "Seguro de vida por fallecimiento natural",
        "idBenefit": 1,
        "isIncluded": true
      },
      {
        "nameBenefit": "Seguro de vida adicional fallecimiento accidental",
        "idBenefit": 2,
        "isIncluded": true
      },
      {
        "nameBenefit": "Seguro de invalidez accidental",
        "idBenefit": 3,
        "isIncluded": true
      },
      {
        "nameBenefit": "Atención médica en línea 24/7",
        "idBenefit": 4,
        "isIncluded": false
      },
      {
        "nameBenefit": "Consulta psicológica en línea",
        "idBenefit": 5,
        "isIncluded": false
      },
      {
        "nameBenefit": "Consulta nutricionista en línea",
        "idBenefit": 6,
        "isIncluded": false
      },
      {
        "nameBenefit": "Asesoría de ahorro e inversión",
        "idBenefit": 7,
        "isIncluded": true
      },
      {
        "nameBenefit": "Educación de bienestar",
        "idBenefit": 8,
        "isIncluded": true
      },
      {
        "nameBenefit": "Entrenamiento en casa",
        "idBenefit": 9,
        "isIncluded": true
      },
      {
        "nameBenefit": "Meditación y bienestar",
        "idBenefit": 10,
        "isIncluded": true
      }
    ]
  },
  "activities": {
    "numSteps": "33.037",
    "message_year": "Tu organización ha recorrido el 82% de una vuelta al mundo. ¡Le faltan 7.037 kilómetros para dar una vuelta completa!",
    "donations": "0",
    "total_donations": "1187",
    "min_meditation": 2619.0,
    "routine_activity": "2515"
  },
  "manual_habits": 23,
  "bettertogether": {
    "total": 86,
    "clusters": [
      {
        "labels": "Principiantes",
        "pk_dim_organization": 181,
        "freq": 42,
        "perc": 49.0
      },
      {
        "labels": "Caminantes",
        "pk_dim_organization": 181,
        "freq": 20,
        "perc": 23.0
      },
      {
        "labels": "Amateurs",
        "pk_dim_organization": 181,
        "freq": 18,
        "perc": 21.0
      },
      {
        "labels": "Atletas",
        "pk_dim_organization": 181,
        "freq": 6,
        "perc": 7.0
      }
    ]
  }
}