{
  "organization": "3G OFFICE",
  "idOrganization": 439,
  "date": "25/04/2022",
  "period": "Q4 2021",
  "summary": {
    "numSuscribers": 7,
    "percActivation": 100,
    "numSteps": 3445259.0,
    "numCalories": 76732.0,
    "bettercoins": 35996.0,
    "coverage": 3516014,
    "percBettercoins": 0.892,
    "numDonations": 107.0,
    "numCauses": 5,
    "message": " ¡Felicitaciones por haberse embarcado en este viaje de transformación e impacto! El bienestar de tus colaboradores y la protección financiera de sus seres queridos es el beneficio más grande que le puedes entregar.",
    "level": "SuperGiver",
    "perc_level": 43.0
  },
  "vision360": {
    "metrics": [
      "Porcentaje de enrolamiento",
      "Minutos de actividad física",
      "Bettercoins ganadas",
      "Minutos de meditación",
      "Cantidad de donaciones"
    ],
    "units": [
      "%",
      "minutos semanales por colaborador",
      "bettercoins semanales por colaborador",
      "minutos semanales por colaborador",
      "donaciones semanales por colaborador"
    ],
    "achievedValue": [
      7,
      147,
      386,
      0,
      1
    ],
    "sugestedValue": [
      7,
      180,
      420,
      10,
      1
    ],
    "achievedPercentage": [
      100,
      81,
      100,
      7,
      100
    ],
    "allOrganizations": [
      72,
      18,
      63,
      11,
      65
    ]
  },
  "impact": {
    "Agua": {
      "quantity": 49,
      "cause": [
        "Fight the water crisis"
      ],
      "idCause": [
        17
      ],
      "hasDonation": true
    },
    "Arboles": {
      "quantity": 17,
      "cause": [
        "Trees to save the future"
      ],
      "idCause": [
        18
      ],
      "hasDonation": true
    },
    "Comida": {
      "quantity": 40,
      "cause": [
        "Feed a child in Venezuela",
        "Chile's first food bank"
      ],
      "idCause": [
        13,
        21
      ],
      "hasDonation": true
    },
    "Ucrania": {
      "quantity": 1,
      "cause": [
        "Let's support Ukraine"
      ],
      "idCause": [
        33
      ],
      "hasDonation": true
    },
    "Generic": {
      "quantity": 0,
      "cause": [],
      "idCause": [],
      "hasDonation": false
    }
  },
  "benefits": {
    "included": [
      {
        "nameBenefit": "Seguro de vida por fallecimiento natural",
        "idBenefit": 1,
        "isIncluded": true
      },
      {
        "nameBenefit": "Seguro de vida adicional fallecimiento accidental",
        "idBenefit": 2,
        "isIncluded": true
      },
      {
        "nameBenefit": "Seguro de invalidez accidental",
        "idBenefit": 3,
        "isIncluded": true
      },
      {
        "nameBenefit": "Atención médica en línea 24/7",
        "idBenefit": 4,
        "isIncluded": true
      },
      {
        "nameBenefit": "Consulta psicológica en línea",
        "idBenefit": 5,
        "isIncluded": true
      },
      {
        "nameBenefit": "Consulta nutricionista en línea",
        "idBenefit": 6,
        "isIncluded": false
      },
      {
        "nameBenefit": "Asesoría de ahorro e inversión",
        "idBenefit": 7,
        "isIncluded": true
      },
      {
        "nameBenefit": "Educación de bienestar",
        "idBenefit": 8,
        "isIncluded": true
      },
      {
        "nameBenefit": "Entrenamiento en casa",
        "idBenefit": 9,
        "isIncluded": true
      },
      {
        "nameBenefit": "Meditación y bienestar",
        "idBenefit": 10,
        "isIncluded": true
      }
    ]
  },
  "activities": {
    "numSteps": "2.625",
    "message_year": "Tu organización ha recorrido el 87% del camino entre Santiago y Río de Janeiro. ¡Le faltan 374 kilómetros para llegar!",
    "donations": "40",
    "total_donations": "107",
    "min_meditation": 65.0,
    "routine_activity": "314"
  },
  "manual_habits": 2,
  "bettertogether": {
    "total": 7,
    "clusters": [
      {
        "labels": "Principiantes",
        "pk_dim_organization": 439,
        "freq": 3,
        "perc": 43.0
      },
      {
        "labels": "Caminantes",
        "pk_dim_organization": 439,
        "freq": 1,
        "perc": 14.0
      },
      {
        "labels": "Amateurs",
        "pk_dim_organization": 439,
        "freq": 3,
        "perc": 43.0
      }
    ]
  }
}