{
  "organization": "Betterfly",
  "idOrganization": 15,
  "date": "14/04/2022",
  "period": "Q4 2021",
  "summary": {
    "numSuscribers": 591,
    "percActivation": 89,
    "numSteps": 166325724.0,
    "numCalories": 2913571.0,
    "bettercoins": 1850514.0,
    "coverage": 130832934,
    "percBettercoins": 0.909,
    "numDonations": 9232.0,
    "numCauses": 9,
    "message": "Están dentro de las 10 empresas que más ha meditado. Mentes en calma, ideas brillantes. ",
    "level": "UltimateGiver",
    "perc_level": 9.0
  },
  "vision360": {
    "metrics": [
      "Porcentaje de enrolamiento",
      "Minutos de actividad física",
      "Bettercoins ganadas",
      "Minutos de meditación",
      "Cantidad de donaciones"
    ],
    "units": [
      "%",
      "minutos semanales por colaborador",
      "bettercoins semanales por colaborador",
      "minutos semanales por colaborador",
      "donaciones semanales por colaborador"
    ],
    "achievedValue": [
      531,
      95,
      353,
      7,
      1
    ],
    "sugestedValue": [
      591,
      180,
      420,
      10,
      1
    ],
    "achievedPercentage": [
      89,
      52,
      84,
      74,
      100
    ],
    "allOrganizations": [
      72,
      18,
      50,
      11,
      65
    ]
  },
  "impact": {
    "Agua": {
      "quantity": 2449,
      "cause": [
        "Fight the water crisis"
      ],
      "idCause": [
        17
      ],
      "hasDonation": true
    },
    "Arboles": {
      "quantity": 2823,
      "cause": [
        "Trees to save the future"
      ],
      "idCause": [
        18
      ],
      "hasDonation": true
    },
    "Comida": {
      "quantity": 3588,
      "cause": [
        "Feed a child in Venezuela",
        "Against child malnutrition in Haiti",
        "Chile's first food bank",
        "Help a senior",
        "Support Hospital Pequeno Príncipe",
        "Whoever is hungry is in a hurry"
      ],
      "idCause": [
        13,
        20,
        21,
        26,
        29,
        30
      ],
      "hasDonation": true
    },
    "Ucrania": {
      "quantity": 372,
      "cause": [
        "Let's support Ukraine"
      ],
      "idCause": [
        33
      ],
      "hasDonation": true
    }
  },
  "benefits": {
    "included": [
      {
        "nameBenefit": "Seguro de vida por fallecimiento natural",
        "idBenefit": 1,
        "isIncluded": true
      },
      {
        "nameBenefit": "Seguro de vida adicional fallecimiento accidental",
        "idBenefit": 2,
        "isIncluded": true
      },
      {
        "nameBenefit": "Seguro de invalidez accidental",
        "idBenefit": 3,
        "isIncluded": true
      },
      {
        "nameBenefit": "Atención médica en línea 24/7",
        "idBenefit": 4,
        "isIncluded": true
      },
      {
        "nameBenefit": "Consulta psicológica en línea",
        "idBenefit": 5,
        "isIncluded": true
      },
      {
        "nameBenefit": "Consulta nutricionista en línea",
        "idBenefit": 6,
        "isIncluded": true
      },
      {
        "nameBenefit": "Asesoría de ahorro e inversión",
        "idBenefit": 7,
        "isIncluded": true
      },
      {
        "nameBenefit": "Educación de bienestar",
        "idBenefit": 8,
        "isIncluded": true
      },
      {
        "nameBenefit": "Entrenamiento en casa",
        "idBenefit": 9,
        "isIncluded": true
      },
      {
        "nameBenefit": "Meditación y bienestar",
        "idBenefit": 10,
        "isIncluded": true
      }
    ]
  },
  "activities": {
    "numSteps": 166325724.0,
    "message_year": "Tu organización ha recorrido el 32% del camino entre la Tierra y la Luna. ¡Le faltan 257.627 kilómetros para llegar!",
    "donations": "3588",
    "total_donations": "9232",
    "min_meditation": 35193.0,
    "routine_activity": "13053"
  },
  "manual_habits": 371,
  "bettertogether": {
    "total": 481,
    "clusters": [
      {
        "labels": "Principiantes",
        "pk_dim_organization": 15,
        "freq": 225,
        "perc": 47.0
      },
      {
        "labels": "Caminantes",
        "pk_dim_organization": 15,
        "freq": 68,
        "perc": 14.0
      },
      {
        "labels": "Amateurs",
        "pk_dim_organization": 15,
        "freq": 159,
        "perc": 33.0
      },
      {
        "labels": "Atletas",
        "pk_dim_organization": 15,
        "freq": 29,
        "perc": 6.0
      }
    ]
  }
}