{
  "organization": "PUMA",
  "idOrganization": 216,
  "date": "26/04/2022",
  "period": "Q4 2021",
  "summary": {
    "numSuscribers": 50,
    "percActivation": 80,
    "numSteps": 14092749.0,
    "numCalories": 141509.0,
    "bettercoins": 125687.0,
    "coverage": 6146677,
    "percBettercoins": 0.943,
    "numDonations": 395.0,
    "numCauses": 6,
    "message": " ¡Felicitaciones por haberse embarcado en este viaje de transformación e impacto! El bienestar de tus colaboradores y la protección financiera de sus seres queridos es el beneficio más grande que le puedes entregar.",
    "level": "UltimateGiver",
    "perc_level": 8.0
  },
  "vision360": {
    "metrics": [
      "Porcentaje de enrolamiento",
      "Minutos de actividad física",
      "Bettercoins ganadas",
      "Minutos de meditación",
      "Cantidad de donaciones"
    ],
    "units": [
      "%",
      "minutos semanales por colaborador",
      "bettercoins semanales por colaborador",
      "minutos semanales por colaborador",
      "donaciones semanales por colaborador"
    ],
    "achievedValue": [
      40,
      39,
      240,
      0,
      0
    ],
    "sugestedValue": [
      50,
      180,
      420,
      10,
      1
    ],
    "achievedPercentage": [
      80,
      21,
      71,
      3,
      76
    ],
    "allOrganizations": [
      72,
      18,
      63,
      11,
      65
    ]
  },
  "impact": {
    "Agua": {
      "quantity": 131,
      "cause": [
        "Fight the water crisis"
      ],
      "idCause": [
        17
      ],
      "hasDonation": true
    },
    "Arboles": {
      "quantity": 50,
      "cause": [
        "Trees to save the future"
      ],
      "idCause": [
        18
      ],
      "hasDonation": true
    },
    "Comida": {
      "quantity": 199,
      "cause": [
        "Feed a child in Venezuela",
        "Against child malnutrition in Haiti",
        "Chile's first food bank"
      ],
      "idCause": [
        13,
        20,
        21
      ],
      "hasDonation": true
    },
    "Ucrania": {
      "quantity": 15,
      "cause": [
        "Let's support Ukraine"
      ],
      "idCause": [
        33
      ],
      "hasDonation": true
    },
    "Generic": {
      "quantity": 0,
      "cause": [],
      "idCause": [],
      "hasDonation": false
    }
  },
  "benefits": {
    "included": [
      {
        "nameBenefit": "Seguro de vida por fallecimiento natural",
        "idBenefit": 1,
        "isIncluded": true
      },
      {
        "nameBenefit": "Seguro de vida adicional fallecimiento accidental",
        "idBenefit": 2,
        "isIncluded": true
      },
      {
        "nameBenefit": "Seguro de invalidez accidental",
        "idBenefit": 3,
        "isIncluded": true
      },
      {
        "nameBenefit": "Atención médica en línea 24/7",
        "idBenefit": 4,
        "isIncluded": true
      },
      {
        "nameBenefit": "Consulta psicológica en línea",
        "idBenefit": 5,
        "isIncluded": true
      },
      {
        "nameBenefit": "Consulta nutricionista en línea",
        "idBenefit": 6,
        "isIncluded": false
      },
      {
        "nameBenefit": "Asesoría de ahorro e inversión",
        "idBenefit": 7,
        "isIncluded": true
      },
      {
        "nameBenefit": "Educación de bienestar",
        "idBenefit": 8,
        "isIncluded": true
      },
      {
        "nameBenefit": "Entrenamiento en casa",
        "idBenefit": 9,
        "isIncluded": true
      },
      {
        "nameBenefit": "Meditación y bienestar",
        "idBenefit": 10,
        "isIncluded": true
      }
    ]
  },
  "activities": {
    "numSteps": 9395,
    "message_year": "Tu organización ha recorrido el 44% de la Muralla China. ¡Le faltan 11.604 kilómetros para recorrerla completa!",
    "donations": "199",
    "min_meditation": 194.0,
    "routine_activity": "583"
  },
  "manual_habits": 5,
  "bettertogether": {
    "total": 28,
    "clusters": [
      {
        "labels": "Principiantes",
        "pk_dim_organization": 216,
        "freq": 13,
        "perc": 46.0
      },
      {
        "labels": "Caminantes",
        "pk_dim_organization": 216,
        "freq": 7,
        "perc": 25.0
      },
      {
        "labels": "Amateurs",
        "pk_dim_organization": 216,
        "freq": 6,
        "perc": 21.0
      },
      {
        "labels": "Atletas",
        "pk_dim_organization": 216,
        "freq": 2,
        "perc": 7.0
      }
    ]
  }
}