{
  "organization": "CLA",
  "idOrganization": 77,
  "date": "26/04/2022",
  "period": "Q4 2021",
  "summary": {
    "numSuscribers": 34,
    "percActivation": 85,
    "numSteps": 8604721.0,
    "numCalories": 95328.0,
    "bettercoins": 81835.0,
    "coverage": 7532289,
    "percBettercoins": 0.634,
    "numDonations": 173.0,
    "numCauses": 6,
    "message": " ¡Felicitaciones por haberse embarcado en este viaje de transformación e impacto! El bienestar de tus colaboradores y la protección financiera de sus seres queridos es el beneficio más grande que le puedes entregar.",
    "level": "UltimateGiver",
    "perc_level": 7.0
  },
  "vision360": {
    "metrics": [
      "Porcentaje de enrolamiento",
      "Minutos de actividad física",
      "Bettercoins ganadas",
      "Minutos de meditación",
      "Cantidad de donaciones"
    ],
    "units": [
      "%",
      "minutos semanales por colaborador",
      "bettercoins semanales por colaborador",
      "minutos semanales por colaborador",
      "donaciones semanales por colaborador"
    ],
    "achievedValue": [
      29,
      44,
      221,
      1,
      0
    ],
    "sugestedValue": [
      34,
      180,
      420,
      10,
      1
    ],
    "achievedPercentage": [
      85,
      24,
      65,
      19,
      47
    ],
    "allOrganizations": [
      72,
      18,
      63,
      11,
      65
    ]
  },
  "impact": {
    "Agua": {
      "quantity": 71,
      "cause": [
        "Fight the water crisis"
      ],
      "idCause": [
        17
      ],
      "hasDonation": true
    },
    "Arboles": {
      "quantity": 23,
      "cause": [
        "Trees to save the future"
      ],
      "idCause": [
        18
      ],
      "hasDonation": true
    },
    "Comida": {
      "quantity": 78,
      "cause": [
        "Feed a child in Venezuela",
        "Against child malnutrition in Haiti",
        "Chile's first food bank"
      ],
      "idCause": [
        13,
        20,
        21
      ],
      "hasDonation": true
    },
    "Ucrania": {
      "quantity": 1,
      "cause": [
        "Let's support Ukraine"
      ],
      "idCause": [
        33
      ],
      "hasDonation": true
    },
    "Generic": {
      "quantity": 0,
      "cause": [],
      "idCause": [],
      "hasDonation": false
    }
  },
  "benefits": {
    "included": [
      {
        "nameBenefit": "Seguro de vida por fallecimiento natural",
        "idBenefit": 1,
        "isIncluded": true
      },
      {
        "nameBenefit": "Seguro de vida adicional fallecimiento accidental",
        "idBenefit": 2,
        "isIncluded": true
      },
      {
        "nameBenefit": "Seguro de invalidez accidental",
        "idBenefit": 3,
        "isIncluded": true
      },
      {
        "nameBenefit": "Atención médica en línea 24/7",
        "idBenefit": 4,
        "isIncluded": true
      },
      {
        "nameBenefit": "Consulta psicológica en línea",
        "idBenefit": 5,
        "isIncluded": true
      },
      {
        "nameBenefit": "Consulta nutricionista en línea",
        "idBenefit": 6,
        "isIncluded": false
      },
      {
        "nameBenefit": "Asesoría de ahorro e inversión",
        "idBenefit": 7,
        "isIncluded": true
      },
      {
        "nameBenefit": "Educación de bienestar",
        "idBenefit": 8,
        "isIncluded": true
      },
      {
        "nameBenefit": "Entrenamiento en casa",
        "idBenefit": 9,
        "isIncluded": true
      },
      {
        "nameBenefit": "Meditación y bienestar",
        "idBenefit": 10,
        "isIncluded": true
      }
    ]
  },
  "activities": {
    "numSteps": 5736,
    "message_year": "Tu organización ha recorrido el 27% de la Muralla China. ¡Le faltan 15.263 kilómetros para recorrerla completa!",
    "donations": "78",
    "min_meditation": 705.0,
    "routine_activity": "465"
  },
  "manual_habits": 5,
  "bettertogether": {
    "total": 21,
    "clusters": [
      {
        "labels": "Principiantes",
        "pk_dim_organization": 77,
        "freq": 10,
        "perc": 48.0
      },
      {
        "labels": "Caminantes",
        "pk_dim_organization": 77,
        "freq": 6,
        "perc": 29.0
      },
      {
        "labels": "Amateurs",
        "pk_dim_organization": 77,
        "freq": 5,
        "perc": 24.0
      }
    ]
  }
}